uid,cost,availability,reputation,speed,coverd_regions,facility,number_places,rating
0,1.138820143414053,0.6080008984806896,0.4393023382982512,100.79581390974667,"[0, 1, 3, 8, 9, 10, 15, 16, 18, 19, 20, 22, 28, 29, 30, 31, 33, 38, 41, 43, 44, 46, 48, 49, 50]",bus,6,1
1,3.8508405738949683,0.5712586301870771,0.48365733155948576,98.35720887490226,"[0, 1, 2, 3, 4, 6, 7, 8, 9, 10, 11, 12, 13, 14, 15, 16, 18, 19, 21, 22, 24, 25, 26, 27, 31, 32, 34, 35, 37, 38, 40, 41, 45, 46, 47, 49, 50]",bus,2,2
2,1.766385084734775,0.6423065689700547,0.5339661895914579,97.14704593506453,"[0, 2, 3, 6, 8, 11, 20, 22, 26, 29, 32, 33, 34, 38, 39, 43, 47]",car,2,1
3,3.5896038084876842,0.47989529751653737,0.7347884594272791,97.48300083666147,"[0, 1, 4, 5, 8, 9, 10, 13, 17, 18, 19, 26, 28, 29, 30, 31, 32, 33, 35, 37, 38, 40, 45, 47, 48, 50]",car,2,5
4,2.9913060181264868,0.6873268474126796,0.6398085989045853,99.71125232687335,"[0, 1, 3, 5, 6, 8, 9, 10, 11, 12, 13, 14, 15, 16, 17, 18, 19, 21, 22, 23, 24, 25, 26, 27, 28, 30, 31, 32, 33, 34, 36, 37, 38, 39, 40, 41, 42, 43, 44, 45, 47, 48, 49, 50]",car,6,5
5,1.5594626275540304,0.3365014141309789,0.8558882055302175,100.39843618244429,"[1, 2, 4, 5, 8, 10, 15, 17, 19, 24, 26, 31, 35, 37, 38, 39, 42, 43, 47]",car,6,2
6,2.6336572220504584,0.4871572218811905,0.3320527822508086,97.973252122508,"[32, 16, 48, 35, 31]",car,6,5
7,4.196610008450819,0.640092731815848,0.8362060024658191,92.07360668004355,"[0, 3, 4, 6, 13, 18, 19, 22, 23, 25, 26, 29, 32, 33, 35, 39, 42, 44, 45, 47, 49, 50]",car,6,5
8,3.5161011150112396,0.3842384952335338,0.47167712097543923,95.85700056139672,"[1, 2, 4, 5, 7, 8, 9, 10, 11, 13, 15, 17, 18, 19, 26, 27, 29, 30, 31, 32, 35, 37, 40, 41, 44]",bus,2,3
9,3.261839110948708,0.6906669824320578,0.5757789805260215,104.28784639987784,"[0, 5, 9, 10, 11, 12, 13, 15, 17, 19, 21, 22, 25, 26, 29, 31, 33, 34, 38, 43, 44, 45, 48]",car,2,5
10,1.6145496276049796,0.4348915248744474,0.6087143771161091,101.4113487672375,"[1, 3, 5, 6, 8, 9, 11, 13, 15, 16, 17, 18, 19, 20, 22, 23, 25, 26, 27, 28, 29, 30, 31, 32, 34, 35, 37, 38, 39, 40, 43, 44, 46, 47, 48, 49]",bus,2,2
11,2.8476231051531373,0.6671338090377019,0.6613527882291415,102.3534557361349,"[1, 2, 3, 4, 6, 7, 8, 9, 11, 12, 13, 14, 15, 16, 17, 18, 19, 20, 22, 23, 24, 26, 28, 29, 30, 31, 32, 33, 35, 36, 37, 38, 39, 40, 41, 42, 43, 44, 45, 46, 47, 48, 49]",car,4,1
12,3.6743805544421915,0.5174388369645007,0.4697966697486706,105.8089720755149,"[0, 1, 2, 4, 5, 6, 7, 8, 9, 10, 11, 12, 13, 14, 15, 16, 17, 18, 19, 20, 22, 23, 24, 25, 26, 27, 28, 29, 30, 31, 32, 33, 34, 35, 36, 37, 38, 39, 40, 41, 42, 43, 45, 46, 47, 48, 49, 50]",car,6,5
13,3.0271536534882735,0.445857962325225,0.5230391834652168,114.98538752234357,"[2, 3, 34, 38, 7, 10, 11, 44, 46, 16]",car,4,5
14,3.4874812866321006,0.4844182401930034,0.6977530977966889,106.17957512075104,"[0, 1, 2, 3, 4, 5, 6, 7, 9, 10, 11, 12, 14, 15, 16, 18, 19, 20, 21, 22, 23, 24, 25, 26, 27, 28, 29, 30, 31, 32, 33, 34, 35, 36, 37, 38, 39, 40, 41, 43, 44, 45, 46, 47, 49, 50]",bus,2,5
15,2.875122020483898,0.36496341266788046,0.6350558112732739,97.75970911079426,"[16, 1, 8, 26, 27, 13]",bus,2,5
16,2.137118370090988,0.7535847210921052,0.6371723959339979,92.5334704876098,"[3, 4, 38, 40, 41, 11, 50, 25, 26]",car,6,4
17,2.647995878850605,0.5096298456739959,0.7991042441834355,99.59711681510198,"[2, 8, 9, 12, 13, 14, 20, 22, 23, 24, 26, 28, 29, 30, 31, 33, 35, 36, 38, 39, 41, 43, 46, 48, 49]",car,6,2
18,3.598680766033085,0.5891093109510973,0.6263075558892711,106.1637446522634,"[0, 1, 2, 3, 4, 5, 6, 8, 9, 10, 11, 12, 13, 14, 15, 16, 17, 18, 19, 20, 21, 22, 23, 24, 25, 26, 27, 28, 29, 30, 31, 32, 33, 34, 35, 36, 37, 38, 39, 40, 41, 43, 44, 45, 46, 47, 48, 49, 50]",car,4,4
19,1.970222459545253,0.5270020423670819,0.4292667069598972,95.93529704488562,"[3, 5, 8, 9, 10, 14, 16, 18, 21, 22, 24, 26, 29, 32, 33, 36, 40, 42, 43, 46, 49, 50]",car,4,5
20,1.6444246717963926,0.28171404833872493,0.5889263180817924,88.59340344603082,"[0, 3, 23, 26, 47]",car,4,2
21,2.079235951359647,0.359945068429484,0.6733080345072994,105.7774415564781,"[40, 33]",bus,6,5
22,2.8877906200749397,0.5962596549110158,0.48521527009256943,94.48409849040684,"[35, 6, 9, 13, 31]",car,4,3
23,3.239327141097415,0.6473967237354037,0.58116742270211,92.7482717167349,"[0, 5, 7, 13, 18, 19, 20, 22, 29, 36, 37, 39, 42, 44, 48, 50]",bus,6,5
24,2.3546201504316544,0.7480824696722779,0.4019054827982675,99.82929429978456,"[0, 2, 4, 8, 11, 12, 13, 19, 21, 22, 23, 28, 29, 30, 31, 32, 39, 41, 42, 45, 49]",bus,6,4
25,3.1268606760247484,0.6600939149857984,0.7175646818336221,100.90468383054336,"[0, 19, 20, 21, 6, 22, 24]",bus,6,3
26,3.158761183726597,0.4380049078883381,0.8106109727713836,103.45219721290347,"[0, 1, 2, 3, 4, 5, 6, 7, 8, 9, 10, 11, 12, 13, 14, 15, 16, 17, 18, 19, 20, 21, 22, 23, 24, 25, 26, 27, 28, 29, 30, 31, 32, 33, 34, 35, 36, 37, 38, 39, 40, 41, 42, 43, 44, 45, 46, 47, 48, 50]",car,6,2
27,3.981338279078826,0.6085367719285781,0.3489645128357678,95.40565622929694,"[5, 6, 8, 10, 11, 12, 13, 18, 19, 20, 22, 23, 25, 30, 32, 34, 36, 39, 40, 41, 42, 43, 44, 46, 47, 50]",bus,2,4
28,3.596267130210298,0.8302800705018702,0.690997312908825,97.2237170935991,"[0, 3, 4, 5, 7, 10, 11, 12, 14, 16, 17, 18, 19, 20, 21, 22, 23, 24, 25, 26, 27, 28, 30, 31, 32, 33, 34, 35, 36, 37, 38, 39, 40, 41, 44, 45, 46, 47, 48, 49, 50]",bus,4,4
29,4.179746895899857,0.33987794638738134,0.46476938517819905,100.70564320297733,"[0, 1, 2, 3, 4, 5, 7, 8, 9, 10, 11, 12, 13, 14, 15, 16, 17, 18, 19, 20, 21, 22, 23, 24, 25, 26, 27, 28, 29, 30, 31, 32, 33, 34, 35, 36, 37, 38, 39, 40, 41, 43, 44, 45, 46, 47, 48, 49, 50]",car,2,2
30,2.1574203060928037,0.5927600689730951,0.5518769152619085,99.17866581823833,"[1, 2, 3, 4, 5, 6, 7, 8, 11, 12, 14, 15, 18, 19, 20, 21, 22, 23, 24, 26, 31, 32, 33, 34, 35, 37, 39, 41, 42, 43, 44, 49]",bus,4,5
31,1.7933270466263405,0.4212800475171591,0.3144823766107251,96.56216964324837,"[2, 7, 9, 13, 15, 17, 23, 28, 32, 33, 37, 38, 41, 42, 43, 47]",bus,6,5
32,3.62461130120279,0.6131827248371471,0.6505528694884861,90.38242446213945,"[0, 3, 4, 35, 8, 40, 42, 11, 14, 47, 16, 49, 18, 48, 31]",car,6,4
33,2.452937759000644,0.40976899993158833,0.41909351688847374,92.61372351609815,"[0, 1, 6, 10, 11, 14, 16, 17, 22, 23, 26, 29, 32, 38, 39, 40, 42, 45, 46]",bus,4,1
34,2.395593857425643,0.5565398166934247,0.3971275769178769,107.75078356317765,"[10, 43, 46, 7]",bus,6,3
35,2.9345718477104126,0.44811868856765674,0.3394694999476122,101.44173846404868,"[0, 1, 2, 3, 4, 5, 6, 7, 8, 9, 10, 12, 13, 14, 16, 17, 18, 19, 21, 22, 23, 24, 25, 26, 27, 28, 29, 30, 31, 32, 33, 34, 35, 36, 37, 38, 39, 40, 41, 42, 43, 44, 45, 47, 48, 49, 50]",car,4,4
36,2.5322256122721036,0.7181748465164112,0.7158521004592717,97.57753897279349,"[0, 1, 2, 3, 4, 5, 7, 11, 12, 13, 14, 15, 16, 17, 18, 19, 20, 21, 22, 24, 25, 26, 27, 28, 29, 30, 32, 35, 37, 38, 39, 41, 42, 43, 44, 45, 47, 48, 49, 50]",bus,6,3
37,2.628262849856766,0.5095622176783965,0.3861484703250121,105.72982621144789,"[5, 10, 13, 15, 17, 18, 21, 26, 27, 28, 29, 30, 31, 32, 35, 39, 40, 41, 43, 47]",car,6,2
38,2.804051943894888,0.7157203049588338,0.3085774173429627,92.21409695173342,"[0, 2, 4, 5, 7, 8, 9, 10, 11, 12, 13, 14, 15, 17, 18, 19, 21, 22, 24, 25, 26, 27, 29, 30, 31, 32, 37, 38, 41, 44, 45, 46, 47, 49]",bus,6,3
39,2.6718551509840793,0.5253736501664917,0.6654039447481555,97.58095818158793,"[0, 1, 2, 3, 4, 5, 6, 7, 8, 9, 10, 11, 12, 15, 16, 17, 18, 19, 20, 21, 22, 23, 24, 25, 26, 27, 28, 29, 30, 31, 32, 34, 35, 36, 37, 38, 39, 40, 41, 42, 44, 45, 46, 47, 48, 49, 50]",car,6,4
40,2.187181251724323,0.6651829533595386,0.44766226635071876,98.49874579295806,"[0, 2, 3, 4, 5, 7, 8, 9, 10, 11, 12, 13, 15, 16, 18, 20, 21, 22, 24, 25, 26, 28, 29, 30, 31, 32, 34, 37, 38, 39, 40, 41, 43, 44, 45, 47, 48, 49, 50]",car,6,2
41,3.8559838164463835,0.5773098319106837,0.5257778386014774,93.8922993444638,"[2, 4, 6, 7, 8, 10, 11, 12, 13, 14, 15, 18, 21, 22, 23, 26, 27, 29, 33, 37, 40, 41, 42, 43, 45, 46, 47, 48, 50]",car,6,4
42,3.2692794582327327,0.2696382744300683,0.6229851790343517,101.29654527313842,"[0, 1, 2, 3, 4, 5, 7, 8, 9, 10, 11, 12, 13, 14, 15, 16, 17, 18, 19, 20, 22, 23, 25, 26, 27, 28, 29, 30, 31, 32, 33, 34, 35, 36, 37, 38, 39, 40, 41, 42, 43, 44, 45, 46, 50]",bus,6,3
43,3.8195962966422417,0.6081065732006532,0.5724521647640021,104.00806837205198,"[49, 34, 42, 27, 44]",car,2,3
44,2.640881154523016,0.792930615176149,0.4952821198976025,114.89698721880393,"[0, 4, 22, 40, 24, 42, 25]",bus,2,5
45,2.1600975007839898,0.5927401504599781,0.7076486095054858,110.76643578180175,"[2, 8, 12, 13, 17, 23, 28, 29, 33, 34, 36, 38, 39, 45, 48, 50]",bus,2,4
46,2.7443218010678376,0.6222026774849221,0.43613249469121446,95.40981694384367,"[49, 4, 20]",bus,2,2
47,3.229310820585048,0.552095779844841,0.8978024393606236,91.45797584811208,"[0, 2, 3, 5, 6, 7, 10, 11, 14, 15, 16, 23, 25, 27, 30, 34, 38, 43, 44, 49]",bus,2,1
48,2.0845175509245073,0.3242819286946801,0.6339345493098929,94.81659693297802,"[1, 4, 5, 8, 9, 10, 12, 15, 17, 18, 19, 20, 21, 22, 23, 24, 25, 27, 28, 29, 30, 31, 32, 33, 36, 37, 38, 44, 45, 46, 49]",car,6,4
49,3.1041859167036367,0.526995519077975,0.7074957074916117,89.97953305641646,"[32, 1, 37, 27, 28, 15]",car,6,1
50,3.942523063426683,0.2850280543335022,0.44651985216777734,90.74990592323054,"[0, 2, 5, 9, 11, 13, 17, 20, 26, 31, 32, 34, 36, 41, 42, 44, 45]",bus,6,3
51,3.117197072907646,0.41834281164843634,0.33176821569769027,103.82494845946795,"[0, 1, 2, 3, 4, 5, 6, 7, 8, 9, 10, 11, 12, 13, 14, 15, 16, 17, 18, 19, 20, 21, 22, 23, 24, 25, 26, 27, 28, 29, 30, 31, 32, 33, 34, 35, 36, 37, 38, 39, 40, 41, 42, 43, 44, 45, 46, 47, 48, 49, 50]",bus,2,1
52,2.765617484758267,0.25303176039884445,0.7218241690246479,99.20494495122193,"[2, 5, 7, 13, 15, 16, 18, 19, 20, 21, 22, 23, 25, 26, 28, 30, 33, 35, 36, 45, 48, 49]",car,6,1
53,2.8496704421792836,0.4373331948365644,0.5758855223512905,96.83819868861724,"[2, 9, 10, 11, 13, 15, 16, 18, 20, 25, 28, 31, 32, 33, 34, 35, 38, 39, 43, 44, 45, 49, 50]",bus,6,4
54,3.498507037850823,0.5628245421511292,0.6269747221581721,102.03592888808564,"[0, 2, 3, 4, 5, 7, 9, 11, 12, 13, 15, 16, 17, 18, 20, 21, 22, 23, 24, 25, 26, 27, 29, 30, 31, 32, 33, 34, 35, 36, 37, 38, 39, 40, 41, 43, 44, 47, 48, 49, 50]",bus,6,1
55,2.3631678645165803,0.5055117788897538,0.5818201250255273,89.23969208850058,"[0, 1, 3, 4, 8, 9, 10, 11, 12, 13, 14, 15, 16, 17, 18, 19, 20, 23, 24, 25, 26, 29, 30, 31, 32, 33, 34, 35, 36, 37, 38, 39, 40, 41, 42, 43, 44, 46, 47, 48, 49, 50]",car,4,1
56,3.12865178124033,0.46558934360687476,0.5235356965293902,101.32804505811644,"[2, 3, 6, 7, 12, 13, 15, 16, 18, 20, 21, 25, 26, 30, 31, 33, 34, 36, 39, 42, 44, 45, 48]",car,2,3
57,3.4960394966024206,0.7641650489140678,0.3826851564635968,100.87190727078226,"[0, 34, 37, 6, 39, 40, 44, 48, 50, 25]",bus,4,3
58,3.903166238674258,0.6818148348754065,0.39537450343519065,100.19042414292453,"[0, 3, 5, 8, 13, 14, 16, 19, 23, 24, 28, 31, 34, 36, 38, 42, 43, 44, 46, 49]",bus,4,3
59,3.8584340105681996,0.5038976763797486,0.8461821272480641,102.71394847090336,"[1, 3, 5, 8, 21, 22, 23, 27, 28, 30, 31, 34, 35, 41, 43, 45, 46]",bus,4,3
60,3.508651794901727,0.3465698272104858,0.57697700961319,94.980251373262,"[0, 1, 2, 3, 4, 5, 6, 8, 9, 10, 12, 13, 14, 15, 16, 18, 19, 20, 21, 22, 23, 24, 25, 26, 27, 28, 29, 31, 32, 33, 34, 35, 38, 40, 41, 42, 43, 45, 47, 48, 50]",bus,4,2
61,2.9104814365407856,0.3650892427722279,0.38102293525238917,95.9344176686281,"[0, 1, 2, 4, 5, 6, 7, 8, 12, 13, 14, 16, 19, 21, 22, 23, 26, 27, 29, 30, 31, 34, 35, 37, 39, 41, 42, 44, 45, 47, 48, 49, 50]",bus,4,4
62,2.878367663296144,0.42469738389985723,0.3826470638532793,91.8667211523035,"[0, 7, 9, 11, 12, 13, 15, 16, 18, 20, 21, 22, 23, 26, 28, 29, 34, 35, 37, 40, 41, 43, 47]",car,4,1
63,4.10814680672734,0.5386698626289463,0.893384009419455,99.76036373218517,"[32, 0, 1, 4, 5, 38, 41, 43, 44, 45, 47, 16, 49, 20, 29]",bus,4,4
64,2.601814816366775,0.33825487428574164,0.5480900553604978,105.4261731506518,"[0, 1, 2, 3, 4, 5, 6, 7, 8, 9, 10, 11, 12, 13, 14, 15, 16, 17, 18, 19, 20, 21, 22, 23, 24, 25, 26, 27, 28, 29, 30, 31, 32, 34, 35, 36, 37, 38, 40, 41, 42, 43, 44, 45, 46, 47, 48, 49, 50]",car,6,5
65,3.206147086943466,0.4183912638056634,0.7515229144341015,97.73844966672365,"[41, 29]",bus,4,3
66,3.2673728080175515,0.5194884192963947,0.40342183282663946,95.98554006114209,"[36, 5, 12, 49, 50, 22, 25, 26, 30]",bus,6,5
67,3.4854337282771715,0.19441616269626466,0.488744466530916,98.91950243000574,"[32, 33, 34, 5, 8, 41, 9, 45, 14, 48, 49, 50, 25, 28]",car,6,2
68,2.859781825778159,0.5470631491741424,0.38097103565424695,103.45877684609069,"[1, 2, 6, 7, 9, 11, 12, 14, 15, 17, 18, 21, 22, 23, 25, 27, 28, 29, 30, 31, 32, 34, 35, 37, 39, 40, 41, 42, 43, 44, 46, 48, 49, 50]",bus,2,4
69,4.3433734293325985,0.5216929481894139,0.33223087793252415,102.76144441318016,"[2, 4, 6, 7, 10, 11, 12, 19, 25, 30, 36, 38, 40, 42, 47, 49]",bus,6,1
70,2.737116064537747,0.4311261816942704,0.5525328960164972,100.27840828682938,"[45, 31, 21, 23]",car,6,2
71,1.337428189048739,0.6249419180713075,0.5670265054248659,96.09797252530242,"[0, 1, 2, 3, 4, 5, 6, 8, 11, 12, 13, 14, 15, 16, 18, 20, 21, 22, 23, 24, 26, 27, 28, 29, 30, 31, 32, 33, 34, 36, 37, 38, 41, 43, 44, 46, 47, 48, 49, 50]",bus,6,4
72,2.945018596794224,0.6560329911023439,0.5077407094041865,97.63851494575098,"[0, 1, 2, 3, 4, 5, 6, 7, 8, 9, 10, 11, 12, 13, 14, 15, 16, 17, 18, 19, 20, 21, 22, 23, 24, 25, 26, 27, 28, 29, 30, 31, 32, 33, 34, 35, 36, 37, 38, 39, 40, 41, 42, 43, 44, 45, 46, 47, 48, 49, 50]",car,4,3
73,3.0668419047335886,0.26290679770865344,0.5142552451615737,89.13691627528357,"[2, 34, 38, 39, 13, 14, 45, 16, 29]",car,2,3
74,2.132949514153307,0.7486540778864682,0.28370296403004347,99.55738911313858,"[1, 2, 3, 4, 5, 7, 9, 10, 12, 13, 14, 15, 17, 18, 19, 20, 21, 22, 23, 24, 26, 27, 29, 30, 31, 32, 33, 34, 35, 37, 38, 39, 42, 43, 44, 45, 46, 47, 48, 49, 50]",car,4,5
75,3.2705627545536506,0.36930788193995506,0.7814716238700458,95.34196793454657,"[0, 1, 2, 3, 4, 6, 8, 9, 10, 11, 12, 14, 15, 16, 17, 18, 19, 21, 22, 23, 24, 25, 26, 29, 30, 32, 34, 35, 36, 37, 38, 39, 40, 41, 43, 44, 45, 46, 47, 48, 49, 50]",car,2,3
76,1.66511528717417,0.6679217237330742,0.5444227982758926,100.07826088138533,"[1, 2, 3, 4, 5, 6, 7, 8, 9, 10, 12, 13, 14, 15, 16, 17, 18, 19, 20, 21, 22, 24, 25, 26, 27, 28, 29, 30, 31, 32, 33, 34, 35, 37, 38, 39, 40, 43, 44, 45, 46, 47, 48, 49, 50]",bus,4,2
77,3.234872062146823,0.6194999132731656,0.5203318666958253,106.40600610518578,"[0, 1, 3, 4, 8, 9, 10, 11, 12, 13, 14, 15, 17, 18, 19, 22, 24, 25, 26, 28, 29, 30, 31, 33, 36, 37, 38, 40, 41, 42, 43, 45, 46, 47, 50]",bus,4,1
78,2.6075477961887743,0.3878305474227056,0.6602153961558144,81.91998439346212,"[8, 9, 34, 37]",bus,6,5
79,1.9755829140410541,0.29889741690249616,0.48870073865490166,109.0110090997962,"[35, 3, 13]",bus,4,3
80,2.956752875444455,0.3938072567633985,0.5050842307027725,103.68598106417701,"[1, 2, 6, 7, 9, 16, 21, 22, 23, 29, 30, 31, 35, 36, 43, 46]",car,2,4
81,2.7952586690824726,0.25901100895979967,0.6271206560915721,95.18092482425212,"[1, 2, 4, 5, 6, 7, 8, 9, 10, 11, 12, 13, 14, 15, 16, 17, 18, 19, 20, 21, 22, 24, 25, 26, 27, 28, 29, 30, 31, 32, 33, 34, 35, 36, 37, 38, 39, 40, 41, 42, 43, 44, 45, 46, 47, 48, 49, 50]",bus,6,4
82,2.551768546353049,0.8719966433984327,0.45861183086629165,103.66667278071711,"[0, 2, 3, 5, 6, 9, 13, 14, 15, 16, 17, 18, 19, 20, 21, 22, 23, 24, 28, 29, 30, 31, 32, 34, 36, 37, 39, 40, 41, 42, 43, 44, 45, 48, 49, 50]",car,4,2
83,3.1681520064368884,0.6295911574288998,0.4111225673064122,100.49668295996186,"[32, 2, 40, 8, 42, 41, 47, 17, 50, 19, 22, 24]",bus,2,4
84,2.695938632400916,0.700680170225796,0.5414431182954159,100.57204620378205,"[1, 2, 4, 11, 12, 13, 15, 16, 18, 20, 22, 25, 26, 28, 33, 34, 35, 37, 39, 40, 41, 43, 44, 46, 47]",bus,4,4
85,3.767588571775031,0.5294389003629858,0.44500792805611367,94.09009998452309,"[1, 2, 3, 4, 8, 9, 12, 14, 15, 16, 17, 18, 20, 21, 22, 23, 27, 28, 29, 33, 34, 35, 36, 37, 39, 40, 41, 43, 44, 45, 46, 47, 49, 50]",bus,2,1
86,2.823529610894523,0.1111003137349339,0.6855333865792812,92.8548923941098,"[1, 2, 3, 4, 6, 8, 10, 11, 12, 13, 15, 16, 18, 20, 21, 23, 24, 25, 26, 28, 29, 30, 31, 32, 33, 34, 36, 37, 38, 39, 40, 41, 42, 43, 44, 47, 49, 50]",car,6,1
87,2.901353854788895,0.4338321225538354,0.4446350742289421,104.75989689265101,"[1, 2, 3, 4, 7, 10, 11, 12, 13, 14, 15, 18, 19, 20, 21, 23, 24, 26, 27, 28, 29, 30, 31, 32, 33, 35, 36, 38, 42, 43, 45, 46, 50]",bus,6,3
88,2.4342733878498675,0.4893555764522146,0.30579459854207014,110.84281836098359,"[0, 1, 2, 3, 4, 6, 7, 8, 9, 10, 11, 12, 13, 14, 15, 16, 18, 19, 21, 22, 23, 24, 25, 27, 28, 29, 30, 31, 32, 33, 34, 35, 36, 38, 39, 40, 41, 42, 43, 44, 45, 47, 49, 50]",bus,6,2
89,2.3902789000086964,0.6356834419193231,0.42583569327140536,111.83079551173903,"[0, 3, 6, 11, 16, 17, 18, 19, 21, 24, 27, 29, 34, 40, 42, 49]",car,2,3
90,4.089460657232192,0.4695669069347068,0.3533516168380719,113.25304283888704,"[3, 35, 39, 40, 11, 12, 17, 49, 18, 21]",car,4,2
91,3.7306411889852735,0.6561678974140641,0.4199274119510509,101.97109278202993,"[0, 1, 2, 3, 4, 5, 7, 8, 9, 10, 11, 12, 13, 14, 15, 17, 18, 19, 21, 22, 23, 24, 25, 27, 28, 29, 30, 31, 32, 33, 34, 35, 36, 37, 38, 39, 41, 43, 44, 47, 49]",bus,4,2
92,2.795817228909111,0.5250148205781637,0.94934598917113,96.09119898772893,"[0, 2, 4, 11, 46, 49, 50, 21, 23, 25]",car,2,2
93,3.581062467184847,0.39669107030276063,0.536235793208259,104.21186958908513,"[2, 3, 4, 5, 9, 10, 11, 13, 14, 15, 17, 18, 22, 23, 24, 25, 26, 27, 29, 32, 34, 35, 36, 37, 39, 41, 44, 46, 49]",bus,2,1
94,3.9223096339619183,0.5310184700196797,0.6549755061786339,94.51321270922604,"[1, 12, 13, 16, 21, 27, 29, 31, 32, 33, 34, 35, 40, 41, 47, 48]",bus,4,2
95,1.8945195297380448,0.5292691356202234,0.6537021553438368,110.80276594714516,"[0, 1, 3, 4, 6, 7, 8, 9, 10, 11, 15, 16, 17, 24, 26, 27, 29, 30, 32, 33, 37, 40, 43, 44, 46, 47, 48, 50]",bus,2,5
96,2.8086882218945317,0.5796617787058005,0.4006419923420325,104.66827332268278,"[24, 11, 2, 27]",car,2,2
97,1.6061182557821956,0.46656438044027865,0.6246263027457104,97.49413134428981,"[33, 34, 1, 36, 37, 6, 9, 44, 45, 47, 21, 23, 25]",car,4,2
98,3.023371833854473,0.3957471657719821,0.49849295033741836,103.92491243069104,"[0, 1, 2, 3, 4, 5, 6, 7, 8, 9, 10, 11, 12, 13, 14, 15, 16, 17, 18, 19, 20, 21, 22, 23, 24, 25, 26, 27, 28, 29, 30, 32, 33, 34, 35, 36, 37, 38, 39, 40, 41, 42, 43, 44, 45, 46, 47, 48, 49, 50]",car,6,5
99,2.67870103114608,0.146595280264808,0.32398759451452847,92.2534217165734,"[0, 1, 2, 3, 4, 5, 6, 7, 8, 9, 10, 12, 13, 14, 15, 16, 17, 18, 19, 20, 21, 22, 23, 24, 25, 26, 27, 28, 29, 30, 31, 32, 33, 35, 36, 37, 39, 40, 41, 42, 43, 44, 45, 47, 48, 49, 50]",car,6,5
100,3.201352300069918,0.655067813211758,0.9713792564853955,103.67285227145523,"[0, 2, 3, 4, 7, 8, 12, 14, 15, 16, 17, 18, 19, 20, 21, 22, 23, 24, 25, 26, 27, 28, 29, 31, 32, 33, 34, 36, 37, 38, 40, 41, 42, 44, 46, 47, 49, 50]",bus,2,3
101,2.4250634125054185,0.6655484471012635,0.6162981301594183,92.3155352422385,"[3, 5, 8, 9, 12, 13, 14, 15, 16, 19, 22, 23, 29, 30, 33, 34, 36, 37, 38, 39, 40, 43, 44, 46, 48, 49]",bus,2,1
102,3.4978270669343514,0.3553140672396307,0.5917939846579384,94.7003708596444,"[1, 2, 5, 6, 7, 8, 9, 10, 12, 13, 14, 15, 16, 17, 18, 19, 20, 21, 22, 23, 24, 25, 28, 29, 31, 32, 33, 34, 35, 36, 37, 39, 42, 43, 44, 46, 47, 48, 49, 50]",bus,2,4
103,2.058083759669449,0.5776504488424112,0.47247733441529083,104.67783597674836,"[2, 3, 4, 5, 6, 8, 10, 11, 12, 13, 17, 18, 19, 21, 23, 25, 26, 27, 28, 29, 30, 31, 32, 36, 37, 38, 39, 40, 41, 42, 43, 47, 50]",car,2,5
104,2.948285166340985,0.37699714804334167,0.5080028814967397,97.62040244898373,"[1, 3, 4, 7, 8, 9, 11, 12, 13, 14, 15, 16, 17, 18, 19, 20, 22, 25, 26, 28, 29, 30, 33, 35, 37, 38, 39, 40, 42, 44, 45, 46]",bus,6,3
105,1.97138570990194,0.580773382022848,0.2992736552774009,93.11539988072866,"[0, 4, 44, 13, 49, 20, 25, 27, 28, 30]",car,2,3
106,3.4451875936102394,0.7305548034081223,0.7408349204741637,89.88810206887311,"[0, 1, 2, 3, 4, 5, 6, 8, 9, 10, 11, 12, 13, 17, 18, 19, 21, 22, 26, 27, 28, 29, 30, 31, 32, 33, 34, 35, 37, 38, 39, 40, 41, 42, 43, 44, 45, 46, 47, 48, 49, 50]",car,4,4
107,4.457773347401157,0.5416333351207213,0.8197367687354593,96.17457937457714,"[0, 1, 2, 3, 4, 8, 9, 10, 11, 12, 13, 15, 17, 18, 19, 20, 21, 22, 23, 24, 28, 30, 31, 32, 33, 34, 35, 36, 38, 39, 40, 41, 42, 43, 44, 46, 49]",bus,4,5
108,3.156615034775767,0.6515074771099445,0.5318030686037942,105.13628110834392,"[0, 1, 5, 7, 8, 10, 11, 13, 14, 16, 17, 18, 20, 21, 23, 24, 26, 27, 30, 36, 38, 39, 40, 41, 42, 43, 44, 45, 46, 47, 49]",bus,2,5
109,3.867314060332319,0.7094090704814837,0.4467340894989491,101.87979439130541,"[33, 3, 35, 4, 38, 41, 42, 11, 45, 14, 16, 17, 18, 24]",bus,6,2
110,2.470316447048651,0.5417157553945398,0.5310180080987859,88.44619505131057,"[2, 3, 6, 7, 9, 11, 12, 14, 15, 20, 22, 34, 35, 37, 42, 43, 45, 46, 47, 48, 49, 50]",bus,4,1
111,2.2684981000467928,0.6696838563429955,0.6672428537824547,110.6101240725094,"[0, 1, 2, 3, 5, 7, 8, 9, 11, 12, 13, 16, 21, 22, 24, 25, 26, 28, 29, 30, 32, 33, 34, 35, 37, 38, 39, 40, 41, 42, 43, 44, 47, 48, 49, 50]",car,6,2
112,2.7241981220997036,0.2942023399233751,0.7152305853688494,99.45746329790558,"[3, 5, 8, 9, 10, 12, 15, 17, 19, 20, 22, 23, 25, 26, 28, 30, 36, 37, 41, 42, 44, 50]",car,6,5
113,1.9123423746611672,0.4968044372539459,0.4326862126959676,97.25431590680321,"[0, 1, 2, 4, 5, 6, 7, 8, 10, 11, 12, 13, 15, 16, 17, 19, 20, 21, 22, 23, 24, 25, 26, 27, 28, 29, 30, 31, 32, 33, 34, 35, 37, 38, 39, 40, 41, 42, 43, 44, 45, 46, 47, 48, 49, 50]",car,6,1
114,3.3831517602577845,0.6437796945693858,0.5841483779777025,99.3160508244167,[37],bus,2,2
115,3.384592850844736,0.3179250220762131,0.8083606316320041,100.69538693881714,"[0, 1, 2, 3, 5, 6, 8, 9, 10, 11, 12, 14, 15, 16, 17, 21, 22, 24, 25, 27, 28, 30, 31, 32, 33, 35, 36, 37, 39, 40, 41, 42, 44, 45, 46, 47, 48, 49, 50]",car,6,5
116,3.7442836728529123,0.3788881855366836,0.5130821457529028,105.09535461599467,"[34, 5, 37, 39, 8, 12, 47, 18, 23, 28, 30, 31]",bus,4,4
117,2.6739385908244904,0.3063380904016982,0.5662498329370974,96.07181859354486,"[17, 43, 36, 22]",bus,4,3
118,2.4478516610480554,0.35254326048942297,0.16929552995041203,106.56309559357172,"[0, 1, 2, 3, 4, 5, 11, 13, 15, 22, 23, 26, 27, 29, 31, 32, 33, 37, 39, 43, 48, 50]",car,4,1
119,3.4797170062075105,0.5307304792734756,0.5065062480413263,94.81288646473982,"[1, 2, 4, 38, 8, 9, 12, 45, 14, 47, 16, 24, 27, 30]",car,2,3
120,2.6231564181669667,0.5041840807947401,0.8238273694738302,86.71851679391614,"[1, 4, 5, 6, 7, 9, 11, 12, 13, 14, 15, 16, 17, 18, 19, 20, 21, 24, 25, 28, 29, 30, 31, 33, 34, 36, 37, 40, 42, 43, 44, 45, 46, 47, 48, 49, 50]",car,2,4
121,3.6827012292851036,0.7343728559303762,0.8151992199832729,90.00238985138462,"[5, 6, 7, 10, 12, 13, 19, 20, 21, 22, 24, 25, 26, 34, 37, 38, 40, 45, 46, 48, 50]",car,2,4
122,2.6681009419746027,0.370110364763313,0.4126670686929764,115.36592964196484,"[2, 8, 10, 11, 23, 24, 25, 27, 28, 29, 30, 34, 36, 37, 38, 41, 43, 44, 46, 47, 48, 49]",car,6,1
123,3.690536009361157,0.5370223438354197,0.7207646301085168,105.74722305482832,"[48, 28, 30]",car,4,1
124,2.270017740017079,0.6781125267174687,0.7376873913614055,101.6975226660221,"[0, 2, 4, 6, 7, 8, 9, 10, 12, 13, 15, 18, 20, 21, 22, 23, 24, 25, 28, 29, 30, 31, 32, 36, 39, 40, 41, 45, 46, 47, 48, 49, 50]",car,6,3
125,3.672895130856348,0.36027045007166536,0.34485073213192297,90.00995314838585,"[34, 35, 37, 5, 8, 20, 21, 28]",car,6,4
126,3.9176960116587622,0.5045014611403451,0.7961377392082789,93.26156726944976,"[32, 33, 3, 36, 37, 38, 41, 44, 48, 18, 29]",car,4,5
127,2.6045805744897814,0.39275027693857223,0.45709645499569806,91.73518289327392,"[2, 3, 4, 38, 6, 41, 43, 44, 48, 19, 22, 27]",car,6,2
128,2.70195624575934,0.7627171281197724,0.31123480255092106,103.96032698027085,"[4, 5, 9, 10, 11, 44, 14, 15, 48, 16, 19, 21, 25, 26, 27]",car,2,1
129,3.3146471845368835,0.47766058131701644,0.6716256882787542,89.33132597996358,"[42, 21, 14, 47]",bus,4,3
130,3.1203701927566376,0.27299590190852707,0.6654457357208841,96.49842308271249,[18],car,6,4
131,3.5163974660124477,0.5528813808003155,0.5458928144378945,93.51669179457433,"[2, 3, 4, 6, 7, 8, 10, 12, 13, 14, 16, 18, 19, 21, 22, 27, 28, 30, 32, 34, 35, 37, 38, 45, 46, 47, 48, 50]",bus,2,5
132,2.581844073749096,0.4599899351560514,0.4237954224880912,102.88418305415993,"[0, 1, 2, 4, 5, 6, 7, 9, 11, 12, 14, 15, 16, 17, 19, 20, 21, 22, 25, 26, 28, 29, 30, 31, 32, 33, 37, 38, 39, 40, 41, 42, 43, 44, 46, 47, 49, 50]",car,4,5
133,3.898708917242376,0.75521337582931,0.40384697772169986,96.10706882935493,"[33, 36, 8, 10, 12, 46, 15, 17, 50, 18, 22, 28, 29, 31]",car,6,3
134,2.7343438759276877,0.7992212247927049,0.7340838788907749,101.38368527524261,"[10, 13, 46]",bus,6,4
135,2.5936239681502062,0.5114775806068335,0.5960362663448646,96.5171309183179,"[0, 1, 2, 3, 4, 5, 6, 7, 8, 9, 10, 11, 12, 13, 14, 16, 17, 18, 19, 20, 21, 23, 24, 25, 26, 27, 28, 29, 30, 33, 34, 35, 36, 37, 38, 39, 40, 41, 42, 43, 44, 45, 46, 47, 48, 49, 50]",car,4,2
136,3.6983890802984822,0.49064645145582886,0.4711240317386844,96.14341631863392,"[0, 1, 2, 4, 5, 6, 7, 8, 9, 10, 12, 13, 16, 20, 21, 23, 24, 25, 26, 27, 28, 29, 30, 31, 32, 34, 35, 36, 37, 38, 39, 41, 43, 44, 45, 46, 47, 48, 49]",bus,6,5
137,2.1801169869555697,0.33085745328491567,0.4895909892655015,96.054698633572,"[4, 5, 6, 8, 10, 14, 17, 18, 19, 21, 22, 23, 26, 27, 28, 29, 36, 37, 40, 41, 42, 45, 46, 47, 48, 49, 50]",bus,6,5
138,2.0418843498309727,0.4981086237620392,0.5230104984647926,95.16349666024638,"[2, 3, 4, 6, 7, 9, 11, 13, 14, 17, 18, 20, 21, 25, 26, 27, 28, 29, 30, 32, 34, 35, 40, 47, 50]",car,6,3
139,2.973865899264178,0.4896561314085334,0.37735130844578924,92.87479361060382,"[0, 2, 3, 4, 5, 6, 7, 8, 9, 10, 11, 12, 13, 16, 17, 18, 19, 20, 21, 22, 23, 24, 25, 26, 29, 31, 32, 33, 35, 36, 37, 38, 40, 41, 42, 43, 45, 46, 47, 48, 49, 50]",car,2,2
140,2.2576075214845432,0.610616821328682,0.6089761063612746,103.93944655842769,"[25, 35, 12]",bus,6,5
141,2.158043958876921,0.6344732939108219,0.6008901440665975,109.4117341033802,"[0, 1, 3, 4, 5, 6, 7, 8, 9, 10, 11, 14, 15, 16, 17, 18, 19, 20, 21, 22, 23, 24, 26, 28, 30, 31, 32, 33, 34, 35, 36, 37, 38, 39, 41, 42, 43, 44, 45, 47, 48, 49, 50]",bus,2,2
142,3.207933618940197,0.31385443056189255,0.5443143242607192,100.44103973514092,"[2, 38, 40, 41, 42, 43, 47, 49, 24, 26, 29]",car,4,4
143,2.1412888558402052,0.6688933569840768,0.6488117025475864,103.67688749699713,"[0, 3, 4, 7, 9, 10, 14, 15, 16, 18, 19, 21, 25, 30, 34, 35, 37, 38, 41, 42, 43, 45, 46, 50]",car,4,3
144,3.3447792603054918,0.6932472461226866,0.48677383208264924,92.53859180929541,"[0, 2, 4, 5, 6, 7, 8, 9, 10, 11, 13, 14, 15, 16, 17, 18, 20, 21, 22, 24, 25, 26, 27, 28, 29, 30, 31, 32, 34, 35, 37, 38, 39, 40, 42, 43, 44, 45, 46, 47, 48, 49, 50]",bus,4,1
145,3.91607407899994,0.6632286981274015,0.4150724147618895,93.90523846977459,"[0, 5, 7, 10, 11, 12, 13, 14, 16, 17, 18, 20, 23, 24, 25, 26, 27, 29, 30, 34, 36, 37, 38, 39, 40, 41, 42, 44, 45, 46, 47, 48, 49, 50]",car,6,5
146,1.9686843028163572,0.6136146501336892,0.7074856234103405,98.86280207283741,"[26, 36, 37, 20, 27, 42, 43]",car,4,4
147,2.0508885152622955,0.723945073025379,0.663062665789021,99.78943909223096,"[1, 3, 5, 6, 7, 8, 9, 10, 11, 13, 14, 15, 16, 17, 18, 19, 20, 21, 22, 23, 25, 27, 33, 35, 37, 38, 39, 40, 41, 43, 46, 48, 49, 50]",car,6,1
148,2.754479632631029,0.3977129481502397,0.4862401445630469,97.99598976261159,"[0, 1, 2, 3, 5, 6, 7, 8, 9, 10, 11, 12, 13, 14, 16, 17, 18, 19, 20, 21, 23, 24, 25, 27, 28, 30, 31, 32, 33, 35, 37, 38, 39, 41, 42, 43, 45, 46, 47, 48, 50]",car,2,3
149,2.9814468515608317,0.35553429126319824,0.2843054502736244,93.81781168031694,"[0, 2, 4, 5, 9, 41, 45, 14, 13, 16, 49, 25]",bus,2,2
150,3.738603989626843,0.31087652297458634,0.6475109140925165,105.77585748689937,"[0, 1, 3, 4, 6, 7, 9, 10, 13, 14, 16, 17, 19, 20, 22, 23, 25, 27, 29, 32, 34, 35, 38, 40, 41, 42, 43, 48, 50]",bus,6,2
151,2.1484804532847592,0.5184472014954167,0.632704213030643,97.91459632807764,"[6, 10, 11, 13, 18, 19, 23, 25, 26, 30, 33, 34, 36, 37, 38, 39, 43, 45, 49]",car,4,2
152,2.8370602145320905,0.4661616612116809,0.5198320942549106,98.3552384524228,"[48, 18, 45, 38, 13, 30]",car,2,1
153,2.345179018491505,0.22999345138718974,0.47521007505348944,86.90595192712303,"[0, 1, 4, 5, 7, 8, 9, 11, 14, 15, 16, 19, 21, 22, 23, 25, 26, 28, 29, 30, 31, 32, 34, 36, 37, 42, 43, 44, 45, 46, 47, 49, 50]",bus,6,2
154,2.616232538723649,0.4005326380576847,0.50027915880276,93.83197764883309,"[1, 2, 3, 4, 6, 7, 9, 10, 11, 13, 14, 15, 16, 17, 18, 19, 20, 21, 22, 23, 24, 25, 26, 27, 28, 29, 30, 31, 33, 34, 35, 37, 38, 39, 40, 41, 43, 44, 45, 46, 47, 48, 49, 50]",car,6,3
155,2.635304434249995,0.6535192957158333,0.6299105290527415,108.05318873977367,"[0, 2, 37, 5, 7, 43, 12, 48, 49, 19, 20, 25, 29]",bus,4,4
156,3.5841976049638102,0.45622194468699334,0.51381120078585,95.37386540250485,"[0, 1, 2, 4, 5, 6, 7, 9, 13, 14, 16, 17, 19, 21, 22, 23, 24, 27, 28, 29, 31, 33, 36, 37, 39, 40, 41, 46, 47, 50]",bus,4,1
157,3.2703055721948853,0.1,0.3627954309906275,100.31562978938955,"[3, 4, 6, 8, 9, 10, 11, 12, 15, 17, 18, 19, 20, 21, 22, 24, 27, 29, 30, 36, 39, 41, 45, 46, 47, 49]",car,6,1
158,2.6292723579342168,0.9383937629528705,0.5084082133228524,93.92263503444958,"[1, 4, 5, 6, 7, 8, 9, 10, 11, 12, 13, 14, 15, 16, 17, 18, 20, 21, 22, 23, 24, 25, 26, 27, 28, 29, 30, 31, 32, 35, 36, 37, 38, 39, 40, 41, 42, 44, 45, 47, 48, 49, 50]",car,4,4
159,2.9688320677153404,0.762702211622415,0.565109391755663,107.54135495439137,"[0, 1, 5, 6, 7, 8, 9, 11, 12, 13, 14, 15, 16, 18, 19, 20, 21, 22, 23, 24, 25, 26, 27, 28, 29, 30, 31, 32, 34, 35, 36, 37, 38, 39, 40, 41, 42, 43, 46, 47, 48, 50]",bus,4,5
160,2.3540697158771424,0.3677727768033159,0.5894553099474059,108.42832603578508,"[1, 3, 4, 5, 7, 9, 11, 13, 18, 23, 24, 26, 27, 28, 29, 36, 39, 40, 41, 43, 44, 45, 46, 47, 49, 50]",car,4,1
161,3.428749505334512,0.5592793539187692,0.7018280915068402,102.04794072325365,"[0, 3, 5, 8, 9, 11, 12, 14, 15, 16, 17, 18, 19, 20, 21, 22, 23, 24, 25, 28, 29, 30, 32, 33, 34, 36, 38, 40, 41, 43, 44, 45, 46, 47, 48, 49]",bus,6,5
162,1.4021092593394575,0.5224730319400529,0.6048143162201566,98.16056928324987,"[32, 35, 36, 5, 6, 4, 40, 8, 44, 14, 47, 25, 27, 31]",bus,6,2
163,2.7299819719998277,0.5900979476669176,0.7032024660201192,116.51294614658553,"[12, 16, 17, 21, 22, 25, 26, 27, 29, 32, 35, 37, 40, 42, 44, 45, 47, 48, 50]",bus,4,2
164,2.8331448006968802,0.5918299313719797,0.5670637688156632,86.31986156724248,"[48, 49, 50, 30]",bus,6,3
165,2.0708033093795843,0.5351076764123164,0.3949982464246943,110.66167304407996,"[2, 3, 4, 5, 9, 12, 13, 14, 16, 17, 18, 21, 22, 23, 24, 25, 26, 27, 29, 30, 31, 32, 33, 35, 36, 37, 38, 39, 40, 41, 42, 44, 45, 46, 47, 48, 50]",car,6,4
166,2.285722052745715,0.5647753305870153,0.5031926771678743,95.28711501045855,"[32, 6, 39, 11, 43, 48, 19, 28, 29]",car,6,2
167,3.71124679559007,0.6611239632232452,0.38728229035987793,106.64828367099179,"[4, 39, 8, 10, 46, 15, 50, 19, 21, 24, 28]",car,6,3
168,2.991076532819746,0.4345347071513034,0.5384301974454615,100.23809069668566,"[2, 3, 7, 10, 13, 14, 16, 18, 19, 20, 21, 23, 25, 29, 30, 33, 35, 37, 40, 41, 45, 47, 48, 49]",car,6,5
169,2.445985081228753,0.8132849466721348,0.4614508074962104,98.46398951311329,"[4, 37, 11, 43, 48, 50, 21, 24, 25, 28]",bus,6,1
170,3.4143567433006536,0.49264589517071267,0.8344233160417901,105.89655205774966,"[16, 25, 14, 31]",car,4,5
171,3.5991476010710453,0.48626594121176736,0.3494501788666854,101.44699135637966,"[4, 38, 39, 49, 18, 21, 28, 29]",car,4,3
172,4.13266118448306,0.5542484744022005,0.8070933794508965,100.54918826887777,"[0, 1, 2, 3, 7, 8, 9, 11, 12, 14, 18, 20, 21, 22, 24, 25, 26, 28, 29, 32, 36, 37, 38, 42, 43, 45, 46, 48, 49, 50]",bus,4,3
173,3.098081959584479,0.5355224649485294,0.7047196761553417,92.75259933505126,"[0, 2, 3, 5, 7, 8, 11, 13, 14, 15, 16, 17, 19, 20, 21, 22, 23, 24, 26, 27, 31, 32, 33, 36, 37, 38, 40, 41, 43, 44, 46, 47, 48]",car,6,5
174,3.3299332517776348,0.45832528144486756,0.15967437110819283,102.99830158518039,"[2, 3, 5, 7, 8, 11, 12, 13, 14, 15, 16, 17, 21, 23, 26, 28, 30, 31, 34, 36, 38, 39, 41, 42, 44, 45, 47, 48, 49]",car,2,3
175,3.0859140752902112,0.14465420834244613,0.3713791964791038,100.6284170333327,"[3, 38, 41, 42, 44, 47]",bus,2,3
176,2.973638763621691,0.5976218573743663,0.473786192889743,92.82550769998771,"[33, 37, 6, 38, 5, 10, 44, 13, 47, 29, 30]",car,4,2
177,3.362553586165728,0.39480554771548976,0.34231925466968005,100.91051991553317,"[3, 4, 36, 31]",car,4,5
178,2.8035413982170474,0.32192876331311726,0.5994300658635777,118.90705744119644,"[0, 1, 5, 6, 7, 8, 9, 10, 11, 14, 15, 17, 18, 19, 20, 23, 24, 26, 27, 29, 30, 32, 33, 34, 37, 38, 39, 40, 41, 42, 43, 44, 46, 50]",bus,6,2
179,2.814806426654547,0.6714494304572111,0.5646801392916005,101.88940432035064,"[1, 2, 3, 4, 5, 8, 9, 10, 11, 14, 17, 19, 21, 23, 24, 26, 33, 34, 36, 38, 40, 41, 43, 44, 45, 47, 49, 50]",car,4,4
180,3.365725430028257,0.44606760152985236,0.5053334999386423,106.16739529891969,"[1, 2, 3, 4, 6, 7, 8, 9, 10, 11, 12, 14, 17, 18, 19, 20, 21, 22, 24, 25, 26, 29, 31, 34, 35, 36, 37, 38, 40, 41, 42, 43, 44, 45, 46, 48, 50]",car,2,5
181,2.8844876632935676,0.7201209695734987,0.5150897993886302,102.76315083179534,"[1, 3, 6, 8, 9, 10, 14, 15, 16, 18, 21, 23, 25, 27, 28, 31, 32, 33, 34, 43, 44, 46]",bus,2,3
182,3.966824659045141,0.7097317953767404,0.38595179364947474,109.42799527510114,"[0, 1, 2, 3, 4, 5, 6, 7, 8, 9, 10, 11, 12, 13, 14, 15, 16, 17, 18, 19, 20, 22, 23, 25, 26, 28, 30, 31, 32, 34, 35, 36, 37, 38, 39, 40, 41, 42, 44, 45, 46, 47, 48, 49, 50]",car,4,5
183,3.2898433550685633,0.6564393640366788,0.7195845293604932,96.03235305664654,"[2, 5, 6, 8, 9, 12, 16, 18, 19, 20, 22, 24, 26, 28, 29, 32, 38, 42, 43, 44, 45, 46, 47]",bus,4,2
184,2.0709169639098053,0.9467298322930193,0.40949853653455415,97.41773695537178,"[0, 2, 4, 5, 7, 10, 12, 14, 15, 16, 17, 20, 21, 22, 23, 24, 26, 27, 28, 30, 31, 32, 33, 35, 36, 37, 38, 39, 40, 42, 43, 44, 45, 46, 47, 49, 50]",bus,2,5
185,2.8730750967467515,0.4107908550034595,0.517093077707963,99.9524227108486,"[0, 3, 4, 5, 6, 7, 9, 11, 12, 14, 15, 16, 17, 19, 21, 24, 27, 28, 29, 30, 32, 33, 34, 35, 36, 38, 41, 42, 44, 45, 46, 47, 48, 49, 50]",car,2,2
186,2.471480933612279,0.851432052795008,0.5367328951971523,109.6681555624331,"[10, 36, 21]",bus,6,2
187,3.221805129283251,0.6560750090014985,0.4935541169816477,119.6459949700372,"[2, 35, 4, 5, 7, 8, 44, 12, 13, 17, 18, 19, 25, 27, 28]",bus,2,2
188,2.445004595579163,0.31351919583717475,0.6165209782177221,94.7963583591464,"[1, 3, 4, 5, 6, 7, 8, 9, 10, 11, 15, 16, 17, 19, 21, 22, 24, 25, 26, 28, 30, 33, 34, 35, 38, 42, 44, 45, 46, 47, 48, 49, 50]",bus,2,1
189,2.2389507023073714,0.7107070604448089,0.5064485064482749,110.04438114349165,"[17, 2]",bus,4,2
190,3.3116290695475725,0.5314980239866657,0.6713958300710785,101.2587778489539,"[0, 1, 2, 3, 4, 5, 6, 7, 9, 10, 11, 12, 14, 15, 16, 17, 18, 19, 20, 21, 22, 23, 24, 25, 26, 27, 28, 29, 30, 31, 32, 33, 34, 35, 36, 37, 39, 40, 42, 43, 44, 45, 46, 49, 50]",bus,2,1
191,3.314177979080428,0.46734690304680415,0.14854881336967402,94.09504343455406,"[0, 1, 2, 3, 5, 6, 7, 8, 9, 11, 12, 13, 15, 17, 22, 24, 25, 26, 27, 28, 29, 30, 31, 32, 33, 36, 37, 38, 40, 41, 42, 43, 44, 46, 47, 49, 50]",car,2,2
192,3.421993866049853,0.6340322511157765,0.3846380118818795,95.34236025734698,"[0, 1, 36, 4, 45, 46, 14, 19, 25]",bus,4,5
193,2.6992674666611345,0.5216576223273345,0.5713527286715099,86.20373120081156,"[1, 2, 3, 6, 7, 8, 9, 10, 13, 15, 17, 18, 20, 24, 25, 26, 27, 28, 29, 30, 31, 34, 35, 36, 37, 38, 39, 40, 42, 43, 44, 47, 48, 49, 50]",bus,2,2
194,2.1010998572025077,0.8767894537679348,0.5739397703018561,103.43949460134378,"[1, 2, 3, 4, 9, 10, 16, 17, 22, 25, 26, 29, 30, 32, 35, 36, 37, 40, 42, 43, 44, 45, 47, 50]",car,4,2
195,3.4074226731423534,0.4271742984849585,0.6325378296679676,98.73291707366114,"[0, 3, 5, 10, 11, 13, 18, 19, 23, 25, 26, 33, 35, 36, 45, 46, 49]",car,4,4
196,3.156347423499975,0.5791361758687916,0.25773664432912985,101.37311473207177,"[0, 1, 2, 3, 4, 5, 6, 7, 8, 9, 10, 11, 12, 13, 14, 15, 16, 17, 18, 19, 20, 21, 22, 23, 24, 25, 26, 27, 28, 29, 30, 31, 32, 33, 34, 35, 36, 37, 38, 39, 40, 41, 42, 44, 45, 46, 48, 49, 50]",car,2,3
197,3.536676439891807,0.4466879251448048,0.26724550125702645,99.51544493825153,"[35, 4, 3, 40, 8, 10, 44, 15, 16, 49, 47, 19, 25, 27, 31]",bus,2,2
198,3.616322166886822,0.5338551284668277,0.7761418839226821,101.54245445303101,"[0, 6, 39, 8, 38, 11, 13, 16, 48, 19, 20, 24, 29, 31]",bus,4,2
199,2.9654878630174295,0.7565222470709408,0.4314528343670001,100.18740292212918,"[0, 5, 7, 8, 12, 19, 21, 22, 25, 26, 27, 29, 30, 33, 36, 38, 42, 43, 47, 50]",bus,6,1
200,3.01410228819556,0.5814700695560991,0.6402586937631187,101.38587886811334,"[0, 1, 2, 4, 5, 6, 9, 10, 12, 14, 16, 18, 19, 20, 21, 22, 23, 24, 25, 26, 29, 30, 31, 32, 34, 35, 36, 37, 38, 40, 43, 45, 47, 49]",bus,6,3
201,4.003202571523437,0.7642361130223806,0.505675943150657,99.38480615893859,"[0, 3, 4, 5, 6, 7, 8, 9, 10, 11, 12, 13, 14, 15, 16, 17, 18, 19, 20, 21, 22, 24, 25, 26, 28, 29, 31, 34, 35, 36, 38, 39, 41, 43, 44, 45, 46, 47, 48, 49, 50]",car,2,3
202,3.006675869718232,0.6457440250932885,0.4588437729373807,88.07817410192222,"[32, 33, 34, 36, 4, 8, 40, 42, 11, 44, 13, 10, 22, 25]",bus,2,5
203,3.5052508591300993,0.46753368531915324,0.4034908157745959,98.30765689819962,[19],bus,4,5
204,1.7994334668444352,0.548419717545517,0.5469567580731388,106.43368808901896,"[1, 2, 6, 7, 8, 9, 10, 11, 12, 13, 14, 15, 19, 22, 24, 25, 28, 29, 32, 34, 39, 40, 42, 44, 46]",bus,4,1
205,3.460245474625714,0.39130207326793154,0.5961410178574443,97.9269783799021,"[0, 1, 4, 6, 8, 9, 10, 11, 12, 13, 15, 17, 18, 19, 20, 21, 22, 24, 26, 29, 30, 31, 33, 35, 36, 39, 40, 41, 42, 43, 46, 47, 50]",car,2,1
206,3.0524262856693447,0.45973527367437705,0.5237663432710031,94.69523232143473,"[50, 36, 47, 31]",car,6,1
207,3.8953585379833404,0.6241994632282989,0.33325138012219785,101.15908717112617,"[1, 4, 7, 8, 10, 11, 13, 14, 15, 16, 17, 20, 23, 25, 26, 31, 33, 37, 39, 40, 41, 42, 46, 50]",bus,4,1
208,2.7138806213490145,0.6418178712374254,0.4981292997750384,99.45909818613605,"[1, 3, 4, 5, 6, 7, 10, 11, 12, 14, 17, 18, 19, 22, 24, 25, 26, 27, 28, 29, 31, 32, 34, 36, 37, 41, 43, 45, 46, 49, 50]",car,6,2
209,3.1751211979024796,0.606179955329887,0.3353401511787558,96.98231810722223,"[0, 2, 3, 4, 5, 8, 9, 10, 11, 14, 15, 17, 21, 22, 23, 24, 26, 27, 28, 30, 33, 34, 39, 41, 42, 43, 44, 48, 49]",bus,2,5
210,2.5302458827568888,0.7319576095294862,0.48030173219605293,108.93780390791946,"[3, 4, 5, 6, 7, 8, 10, 11, 12, 13, 14, 15, 16, 17, 18, 20, 21, 22, 24, 25, 27, 28, 29, 31, 32, 34, 36, 38, 39, 41, 43, 44, 45, 48]",car,2,2
211,3.484729308120314,0.3989479504804596,0.6572839534390722,97.96451393368316,"[3, 4, 7, 8, 16, 18, 20, 23, 26, 27, 30, 31, 34, 37, 38, 42, 44, 46, 47, 48]",car,6,2
212,1.4483781565779192,0.6801012271468839,0.7596603227114958,105.67323575650828,"[0, 1, 2, 3, 4, 5, 6, 7, 8, 9, 10, 11, 12, 13, 14, 15, 16, 17, 18, 19, 20, 21, 22, 23, 24, 25, 26, 27, 28, 29, 30, 31, 32, 33, 34, 35, 36, 37, 38, 39, 40, 41, 42, 43, 44, 45, 46, 47, 48, 49, 50]",car,4,4
213,2.461937584918571,0.46039477418427066,0.7172014037255763,98.33849839197195,"[0, 1, 2, 4, 5, 6, 7, 8, 9, 10, 11, 12, 13, 14, 15, 16, 17, 18, 19, 20, 21, 22, 23, 24, 25, 27, 28, 30, 31, 32, 33, 34, 35, 36, 37, 38, 39, 40, 42, 43, 44, 45, 46, 47, 48, 50]",car,6,5
214,2.067381705068154,0.45586282343761364,0.8939647877406597,102.56161208148836,"[7, 8, 9, 13, 15, 16, 18, 20, 23, 26, 27, 28, 29, 30, 31, 32, 36, 38, 40, 42, 43, 48, 49]",bus,2,4
215,2.467011065388478,0.6618860670150413,0.6605017998300649,97.54733866054313,[50],bus,2,4
216,2.133460324570078,0.5093507509265713,0.5061132267453996,104.08484016502646,"[0, 1, 3, 4, 5, 6, 7, 8, 9, 10, 12, 13, 14, 16, 17, 18, 19, 20, 22, 23, 24, 25, 26, 27, 28, 29, 30, 31, 32, 35, 36, 38, 39, 40, 43, 44, 45, 46, 48, 49, 50]",bus,2,5
217,1.532955543426866,0.47726151693237906,0.6761071008698564,102.23742589254024,"[0, 1, 2, 3, 4, 6, 7, 9, 10, 11, 13, 14, 15, 17, 18, 19, 20, 21, 23, 24, 25, 28, 30, 32, 33, 34, 35, 36, 37, 38, 39, 40, 41, 42, 43, 44, 45, 46, 47, 49, 50]",bus,4,2
218,2.6430351594423693,0.2493612254068192,0.6142387281687218,98.45895032565804,"[0, 1, 2, 3, 4, 5, 6, 7, 8, 9, 10, 11, 12, 13, 15, 16, 17, 18, 21, 22, 24, 25, 26, 27, 28, 29, 30, 31, 33, 34, 35, 36, 38, 40, 41, 42, 43, 44, 45, 46, 47, 48, 49, 50]",bus,6,1
219,2.6803005304565275,0.4858314585882759,0.6233131303722368,101.03144953730575,"[3, 4, 5, 9, 10, 15, 19, 22, 23, 25, 26, 27, 31, 32, 34, 35, 41, 42, 43, 47, 48, 49, 50]",bus,4,4
220,2.9819843273917077,0.5654702967645819,0.6002952820410875,108.56458173289471,"[1, 2, 3, 6, 7, 8, 9, 16, 17, 18, 19, 22, 23, 24, 26, 27, 28, 30, 31, 32, 33, 35, 36, 37, 38, 39, 40, 41, 42, 45, 46, 49]",car,2,4
221,2.135079243772313,0.3732685264422023,0.6789352911254334,86.27637454467066,"[32, 1, 10, 16, 50, 19, 25, 29]",car,2,2
222,2.5390636491947682,0.307614653701784,0.44890962004290025,100.71427844245729,"[34, 35, 4, 41, 45, 13, 16, 48, 18, 23, 26, 31]",car,4,2
223,2.301023288106788,0.5041912332847388,0.5393113397801573,109.83287903438112,"[0, 1, 2, 3, 4, 5, 7, 8, 9, 10, 11, 13, 14, 15, 16, 18, 19, 21, 22, 24, 25, 26, 27, 28, 33, 34, 35, 36, 37, 38, 39, 40, 41, 42, 43, 44, 45, 46, 48, 49, 50]",car,4,3
224,2.132434750685713,0.5058796219949414,0.6868773787845037,101.11692852616434,"[2, 7, 40, 42, 45, 47, 19, 30]",bus,4,3
225,2.3646532048497955,0.45016599724224815,0.5207737094743073,98.53392697326974,"[0, 1, 2, 3, 4, 5, 6, 10, 11, 12, 13, 14, 17, 19, 20, 22, 23, 26, 27, 28, 29, 30, 31, 32, 33, 36, 38, 39, 40, 42, 43, 47, 48, 49, 50]",car,6,2
226,2.5524236321723275,0.5736362804289203,0.5807079812353036,100.42999782473342,"[0, 5, 6, 8, 9, 11, 14, 15, 16, 17, 20, 22, 24, 25, 26, 27, 29, 30, 32, 34, 36, 38, 43, 45, 46, 49, 50]",bus,6,1
227,3.523264850668441,0.7718177080594688,0.1593909567071109,90.79942799210052,"[0, 1, 2, 3, 4, 5, 6, 7, 8, 9, 10, 11, 12, 13, 14, 15, 16, 17, 18, 19, 20, 21, 22, 23, 24, 25, 26, 27, 28, 29, 30, 31, 32, 33, 34, 35, 36, 37, 38, 39, 40, 41, 42, 43, 44, 45, 46, 47, 48, 49, 50]",car,6,5
228,3.0590364004031816,0.30452581023898384,0.6964096432013769,106.40568438697443,"[32, 9, 34, 14]",car,2,1
229,2.8626719331988535,0.5427966335445649,0.6951141013349683,98.93894664502804,"[0, 1, 2, 3, 4, 5, 6, 7, 8, 9, 10, 11, 12, 13, 15, 16, 17, 18, 19, 20, 21, 22, 23, 24, 25, 26, 28, 29, 30, 31, 32, 33, 34, 35, 36, 37, 39, 40, 41, 42, 43, 44, 45, 46, 47, 49, 50]",bus,6,5
230,2.3718687626824266,0.6895086250057434,0.5341313853321265,103.97522360660267,"[2, 10]",bus,6,2
231,2.4550345935325257,0.4936216149191393,0.5729781462715057,108.58959791902643,"[1, 3, 4, 7, 8, 42, 14, 17, 18, 25, 27]",bus,4,2
232,2.2208922775957087,0.5828128466584647,0.6904136075141089,87.22608614948356,"[0, 3, 6, 7, 9, 10, 11, 13, 14, 16, 17, 19, 22, 23, 24, 27, 28, 29, 31, 32, 39, 47, 50]",car,4,5
233,2.8773424643639296,0.4807214022175059,0.46767180363016925,91.02726800605875,"[33, 43, 11, 47, 23, 24, 26, 30]",bus,6,4
234,3.297647729217313,0.48241645568178215,0.4844552696633009,99.08527582008138,"[1, 4, 6, 7, 10, 11, 14, 15, 17, 18, 19, 21, 22, 23, 24, 26, 27, 28, 29, 32, 33, 35, 37, 38, 40, 43, 44, 45, 47, 49, 50]",bus,2,2
235,3.222490673315699,0.32172498075006317,0.5544381252546426,89.8503506412851,"[0, 2, 3, 4, 5, 6, 8, 9, 10, 12, 13, 14, 16, 17, 18, 19, 20, 22, 23, 24, 26, 27, 28, 29, 30, 33, 34, 35, 36, 38, 40, 42, 43, 45, 46, 47, 48, 49, 50]",car,4,4
236,4.378717055794944,0.5091778125730541,0.4714829011011854,104.65981093843992,"[0, 33, 34, 38, 41, 9, 43, 10, 13, 19, 21, 26, 27]",bus,4,2
237,2.3161674567360206,0.7518637618281858,0.615837148045218,96.77802368910473,"[0, 1, 3, 4, 5, 6, 7, 8, 9, 10, 11, 12, 13, 14, 15, 16, 17, 18, 19, 20, 21, 23, 25, 26, 27, 28, 29, 30, 31, 32, 33, 34, 35, 36, 37, 38, 39, 40, 41, 42, 43, 44, 45, 46, 47, 48, 49, 50]",bus,2,5
238,2.028401915483353,0.8760847879607818,0.701220719990977,96.99318255905374,"[0, 1, 2, 3, 4, 5, 6, 9, 10, 12, 14, 16, 17, 18, 19, 20, 21, 22, 23, 24, 25, 26, 27, 28, 30, 31, 32, 33, 34, 35, 36, 39, 41, 42, 44, 46, 47]",car,6,3
239,2.8366926249129616,0.5713943295453917,0.8604500315017707,98.68997638583143,"[0, 1, 4, 7, 10, 11, 13, 14, 15, 17, 23, 24, 27, 29, 30, 31, 32, 36, 40, 42, 43, 44, 45, 47, 48, 49]",bus,6,3
240,2.149298239653924,0.45888537507341176,0.3989786227236364,97.69672546150449,"[1, 2, 3, 4, 5, 6, 9, 10, 11, 12, 13, 16, 17, 21, 23, 24, 25, 26, 30, 31, 32, 34, 35, 36, 37, 38, 42, 44, 45, 46, 48, 50]",car,6,2
241,1.8279256914067779,0.38308783842792804,0.2530224207522707,109.26374670679171,"[0, 1, 2, 3, 4, 5, 6, 7, 11, 13, 14, 18, 19, 21, 24, 25, 27, 28, 29, 30, 31, 32, 33, 35, 36, 37, 38, 39, 40, 41, 42, 44, 46, 47, 48, 49, 50]",bus,2,2
242,3.548236471226149,0.3223219437911664,0.6827560869819593,111.23912194925433,"[0, 1, 4, 5, 6, 8, 9, 10, 11, 12, 13, 14, 15, 16, 18, 19, 20, 21, 22, 23, 24, 26, 27, 28, 29, 30, 31, 33, 34, 36, 37, 38, 39, 40, 41, 42, 43, 45, 46, 47, 49, 50]",bus,2,1
243,1.5433181028423042,0.510689336455289,0.5372379216288616,105.21973574900831,"[0, 1, 2, 3, 4, 5, 6, 7, 8, 9, 10, 11, 12, 13, 14, 15, 16, 17, 18, 19, 20, 21, 22, 23, 24, 25, 26, 27, 28, 29, 30, 31, 32, 33, 34, 35, 36, 37, 38, 39, 40, 41, 42, 43, 44, 45, 46, 47, 48, 49, 50]",car,4,3
244,2.7475517741587754,0.5711438250487122,0.7605136355933216,95.59989874727574,"[0, 1, 2, 3, 4, 5, 6, 7, 8, 9, 10, 11, 12, 13, 14, 15, 17, 18, 19, 20, 21, 22, 23, 24, 25, 26, 27, 28, 29, 30, 31, 32, 33, 34, 35, 36, 38, 39, 40, 41, 42, 43, 44, 45, 47, 48, 49]",car,6,1
245,3.630620791311267,0.4987573463609047,0.7776066133409509,95.72552327879859,"[0, 1, 2, 3, 5, 6, 7, 8, 9, 11, 12, 13, 14, 15, 16, 17, 18, 19, 22, 23, 24, 25, 26, 27, 28, 29, 30, 31, 32, 33, 35, 36, 38, 39, 40, 41, 42, 44, 45, 46, 47, 48, 49, 50]",car,6,3
246,2.3145411372275513,0.49566193156574506,0.6034307647071352,96.87061867902419,"[0, 1, 2, 3, 4, 5, 7, 8, 9, 10, 11, 12, 13, 15, 16, 17, 18, 20, 21, 22, 24, 25, 26, 27, 29, 30, 31, 32, 33, 34, 35, 36, 37, 38, 39, 40, 41, 42, 43, 44, 45, 48, 49, 50]",car,4,3
247,2.398468187625778,0.46627585197982324,0.6572170462716502,88.11986663735497,"[0, 3, 4, 7, 8, 11, 12, 15, 16, 21, 24, 30, 31, 37, 40, 41, 43, 46, 48, 49, 50]",car,6,5
248,2.8989468043399436,0.6814748972986591,0.8514301296123377,98.73413994695494,[17],bus,2,4
249,3.2173714698343723,0.9060292193682066,0.40196603321358726,97.25298694117816,"[0, 1, 2, 3, 6, 7, 8, 9, 10, 11, 12, 13, 14, 16, 18, 19, 20, 22, 24, 25, 27, 28, 29, 30, 31, 33, 35, 36, 39, 40, 41, 42, 43, 44, 45, 46, 47, 48, 49, 50]",car,4,5
250,3.7403075160437385,0.5487333579937066,0.8488842603930579,99.95239244488081,"[1, 2, 6, 7, 39, 43, 15, 49, 17, 29]",bus,6,4
251,2.6467178729895853,0.45968267770882915,0.6072739641044795,88.95858110309717,"[2, 3, 4, 5, 6, 7, 8, 9, 10, 11, 13, 14, 16, 17, 19, 22, 23, 24, 27, 29, 30, 32, 33, 34, 35, 36, 37, 39, 40, 41, 42, 43, 46, 47, 50]",car,6,3
252,3.491256585015255,0.5349261767637166,0.5606262129784769,97.53342077081474,"[0, 2, 4, 5, 7, 10, 14, 16, 17, 18, 19, 22, 23, 26, 28, 29, 30, 32, 33, 34, 37, 38, 39, 40, 41, 42, 44, 45, 46, 47, 49, 50]",car,2,2
253,2.890834259925342,0.5892701200732726,0.4513530284521685,93.63316104887733,"[1, 2, 4, 5, 6, 7, 11, 12, 13, 14, 16, 17, 18, 19, 21, 22, 23, 25, 26, 27, 28, 30, 32, 33, 34, 36, 37, 40, 41, 42, 43, 44, 46, 47, 48, 50]",bus,4,1
254,3.5621698948795384,0.582163995349843,0.36113599054849344,106.6810155916746,"[0, 1, 5, 8, 9, 11, 14, 15, 16, 17, 18, 19, 20, 21, 22, 23, 24, 26, 27, 28, 30, 31, 32, 33, 36, 37, 38, 40, 41, 42, 43, 44, 47, 48, 49, 50]",car,6,2
255,3.5147159204254588,0.6921295063704467,0.7340285002735957,108.3538974219332,"[1, 4, 5, 8, 9, 12, 16, 24, 27, 28, 29, 31, 32, 36, 40, 41, 42, 43, 45, 46, 47, 48, 50]",car,6,1
256,3.0416642472836015,0.7122823080056327,0.3937674867096522,102.83255343027925,"[33, 2, 3, 40, 44, 20, 27, 28]",car,2,5
257,2.920112312701548,0.6158807100933075,0.9700001268484781,112.78267406383117,"[1, 2, 3, 4, 5, 6, 7, 9, 10, 11, 12, 13, 15, 16, 17, 18, 19, 20, 21, 22, 23, 24, 25, 26, 27, 28, 29, 30, 31, 32, 33, 34, 35, 36, 37, 38, 39, 40, 41, 42, 43, 44, 45, 46, 47, 48, 49, 50]",bus,6,1
258,3.2243782383874984,0.19511274862821504,0.4962289464812286,102.77488286352626,"[1, 2, 4, 9, 10, 12, 15, 16, 17, 27, 28, 29, 33, 36, 38, 39, 40, 45, 46, 48, 49]",bus,2,1
259,3.118485421561061,0.5034569034754698,0.6584505401556218,107.03294601356441,"[8, 10, 34]",car,2,2
260,3.6202854527956863,0.6129747186950502,0.2950262297029891,105.03438782894924,"[0, 1, 2, 3, 4, 5, 6, 7, 8, 9, 10, 11, 12, 13, 14, 15, 16, 17, 18, 19, 20, 21, 22, 23, 24, 25, 26, 27, 28, 29, 30, 31, 32, 33, 34, 35, 36, 37, 38, 39, 40, 41, 42, 43, 44, 45, 46, 47, 48, 49, 50]",bus,4,2
261,3.7431975938980013,0.3980504640993174,0.5924395772268071,108.82886361389461,"[0, 1, 6, 9, 11, 14, 15, 16, 21, 22, 23, 24, 28, 29, 30, 31, 38, 39, 40, 44, 45, 46, 47, 48, 49, 50]",bus,4,1
262,3.317258082605427,0.7321488027645343,0.6188976088612308,96.41213953460002,"[0, 1, 2, 8, 9, 10, 11, 12, 13, 14, 15, 16, 17, 18, 19, 21, 22, 23, 24, 26, 28, 30, 31, 32, 33, 34, 37, 39, 42, 43, 45, 48]",car,6,1
263,3.7059283989924476,0.7151015664904592,0.5531816724511499,98.83454287809097,"[1, 34, 40, 8, 12, 46, 50, 23, 29]",bus,4,5
264,3.1266605963196072,0.46232835466856925,0.560510776701694,102.0457931238259,"[3, 5, 6, 8, 9, 11, 12, 14, 15, 21, 22, 23, 24, 26, 27, 43, 46, 48]",car,6,3
265,3.174055790458502,0.49654678297779853,0.9197719583148178,108.09079621671403,"[0, 1, 2, 3, 7, 10, 14, 16, 18, 23, 24, 26, 28, 29, 30, 32, 34, 35, 36, 46, 47, 48, 49]",bus,4,5
266,3.044254182614345,0.6171536333923807,0.45164325049587506,90.32195148417173,"[0, 1, 4, 8, 12, 16, 17, 20, 22, 27, 31, 37, 39, 40, 42, 49]",bus,2,4
267,2.7689132215285914,0.677659200059402,0.5350951724955945,98.36292187454232,"[0, 1, 2, 3, 5, 7, 10, 11, 12, 13, 18, 19, 20, 21, 22, 24, 25, 26, 29, 30, 31, 32, 34, 35, 36, 37, 38, 39, 40, 41, 42, 43, 44, 45, 46, 47, 48, 49, 50]",car,4,5
268,2.226440321485806,0.3690861976887321,0.4430624307916034,90.40375555446528,"[0, 1, 3, 4, 5, 6, 7, 9, 10, 12, 13, 15, 16, 17, 19, 20, 21, 22, 23, 24, 25, 26, 27, 28, 29, 30, 31, 32, 34, 35, 36, 37, 38, 39, 40, 41, 42, 43, 44, 45, 46, 47, 48, 49, 50]",bus,2,5
269,2.4058249014872484,0.38223474931926305,0.49896546408058007,105.17699214216698,"[12, 14]",bus,6,3
270,2.5790535815215314,0.7204598357643834,0.5599007627434615,96.35493209811519,"[0, 2, 3, 4, 5, 7, 8, 9, 11, 14, 15, 17, 18, 19, 21, 23, 25, 26, 28, 30, 31, 32, 33, 36, 37, 39, 40, 43, 44, 46, 47, 48]",bus,6,3
271,2.795949516630209,0.6056972453458491,0.5940143141611937,102.55657641931685,"[43, 20, 30]",bus,2,1
272,2.5750657962590346,0.447631065701157,0.5803260552226532,99.02212090685724,"[2, 4, 6, 7, 8, 12, 13, 14, 15, 17, 18, 19, 20, 23, 24, 26, 27, 28, 29, 33, 35, 37, 38, 43, 45, 46, 50]",bus,4,2
273,2.332240937872416,0.5124550293377514,0.4621806568808258,103.49550879071687,"[0, 3, 7, 16, 17, 19, 20, 22, 27, 28, 39, 40, 41, 45, 46, 48]",bus,4,2
274,3.5102124179195506,0.542252664512283,0.5870361806265846,98.27341113985415,"[24, 35, 46]",car,2,1
275,4.770997922892919,0.7412656320522102,0.5135271014097612,102.0272773919982,"[0, 1, 2, 3, 4, 5, 6, 7, 8, 9, 10, 11, 12, 13, 14, 15, 16, 17, 18, 19, 20, 21, 23, 24, 26, 27, 28, 29, 30, 31, 32, 33, 34, 35, 36, 37, 38, 39, 40, 41, 42, 43, 44, 45, 46, 48, 49, 50]",bus,4,1
276,3.1305282702468165,0.8000202710981794,0.7399221742300489,94.33162137672521,[24],car,4,1
277,3.514191895917774,0.1782871901174195,0.4365916431159981,95.64351246845186,"[0, 2, 4, 5, 7, 8, 9, 10, 11, 12, 15, 16, 18, 19, 20, 23, 25, 26, 27, 28, 29, 33, 35, 38, 39, 40, 41, 42, 46, 47, 48, 49]",car,6,2
278,3.7355486642091806,0.345157709713567,0.6015264125040901,102.62918220203208,"[1, 2, 4, 5, 6, 8, 9, 10, 12, 13, 15, 17, 22, 23, 24, 26, 27, 29, 31, 32, 38, 39, 40, 42, 43, 46, 47]",bus,2,2
279,2.60141897232589,0.47833790705450613,0.7632150663181992,103.49048830865894,"[1, 2, 3, 5, 7, 8, 9, 11, 12, 17, 19, 20, 21, 22, 23, 25, 27, 28, 30, 31, 32, 33, 34, 35, 36, 38, 39, 40, 41, 42, 43, 50]",car,4,1
280,2.4431828555102992,0.6071582910488992,0.45947374640714544,105.32003643405983,"[33, 34, 37, 38, 7, 41, 42, 43, 44, 48, 25, 26, 31]",car,4,5
281,2.4953600003825693,0.5633775919543021,0.4599234276095451,92.98155951395395,"[26, 43]",car,6,2
282,2.8357398338855853,0.3798951080503546,0.7282733590576989,108.40653045804513,"[3, 5, 6, 9, 12, 16, 19, 23, 24, 25, 27, 30, 32, 33, 35, 37, 38, 40, 43, 44, 45, 47, 48]",bus,2,2
283,3.174170183818809,0.7016766620724333,0.6932317534329879,100.66223654409548,"[0, 3, 5, 6, 9, 11, 12, 15, 16, 17, 18, 20, 25, 27, 30, 31, 32, 36, 37, 40, 41, 43, 47, 50]",bus,2,5
284,2.8521018755139007,0.3426705903609954,0.3725596170137856,98.6874680984598,"[0, 1, 2, 3, 4, 5, 6, 7, 8, 9, 10, 11, 12, 13, 14, 15, 16, 17, 18, 19, 20, 21, 22, 23, 24, 25, 26, 27, 28, 29, 30, 31, 32, 34, 35, 36, 37, 38, 39, 40, 41, 42, 43, 44, 45, 46, 48, 49, 50]",bus,2,4
285,3.04617633007681,0.7645562034040015,0.28135451414284873,102.0853201907861,"[7, 9, 12, 13, 14, 15, 16, 17, 19, 20, 21, 22, 25, 26, 29, 39, 40, 41, 45, 46, 47, 48, 49]",bus,4,2
286,4.17162088938789,0.7274277626081445,0.6493337803798904,85.96699174569255,"[2, 3, 4, 8, 12, 13, 14, 15, 18, 23, 24, 26, 28, 29, 31, 32, 33, 34, 36, 37, 38, 40, 41, 44, 45, 46, 49]",bus,2,2
287,3.1278748973867962,0.5650901968896154,0.40643453657328676,96.26816748525653,"[0, 1, 2, 3, 5, 6, 7, 8, 9, 10, 11, 12, 13, 15, 16, 18, 19, 21, 22, 23, 25, 27, 29, 31, 32, 35, 36, 37, 38, 39, 42, 43, 45, 46, 47, 48, 49]",bus,4,4
288,3.1596751164217642,0.4663762871183673,0.7062558588392667,87.73909235080826,"[1, 2, 3, 4, 5, 6, 7, 10, 12, 13, 15, 16, 18, 19, 21, 23, 24, 27, 31, 32, 33, 35, 37, 39, 40, 41, 46, 48]",car,4,4
289,2.8801737144945116,0.5552656304409922,0.7486248165889393,96.84693605110093,"[1, 7, 9, 41, 43, 15, 47, 26]",car,2,1
290,2.7288903137889804,0.39225870075776603,0.6173536959214684,101.80554171544657,"[11, 37, 38, 14]",bus,2,2
291,2.004189675690873,0.594743140837349,0.3197280893472769,100.64116724068921,"[0, 4, 8, 9, 10, 12, 14, 17, 23, 26, 28, 30, 33, 39, 41, 42, 50]",car,2,1
292,2.9214478947246603,0.9225336296648987,0.626381230676544,106.55524870903176,"[0, 1, 2, 3, 4, 6, 7, 8, 10, 11, 12, 13, 14, 15, 17, 18, 19, 20, 21, 22, 23, 24, 25, 26, 27, 28, 29, 30, 31, 32, 33, 35, 36, 38, 39, 41, 42, 43, 44, 45, 46, 47, 48, 50]",car,2,3
293,2.8144847108154476,0.8217802795493534,0.5677159938437965,96.38614282482924,"[3, 4, 7, 8, 9, 11, 16, 17, 19, 20, 25, 28, 29, 30, 34, 37, 40, 46, 47, 49, 50]",bus,4,1
294,2.4448341091234376,0.33197888272719056,0.4379022253594749,96.94135139474109,"[0, 1, 2, 3, 4, 5, 6, 7, 8, 9, 10, 11, 12, 13, 14, 15, 17, 18, 19, 20, 21, 23, 24, 25, 26, 27, 28, 29, 30, 31, 32, 33, 34, 35, 36, 37, 38, 39, 40, 41, 42, 43, 44, 45, 46, 47, 48, 49, 50]",bus,4,3
295,2.2560036940627977,0.7246373227861811,0.23151790353045004,99.4241718037819,"[48, 34, 50, 5, 25, 43, 14]",bus,6,2
296,2.6018165700933604,0.47074113278918306,0.22561248419649038,92.10727224168909,"[2, 6, 7, 8, 14, 15, 16, 17, 19, 20, 21, 22, 24, 25, 26, 27, 28, 29, 30, 31, 32, 33, 35, 37, 40, 41, 43, 45, 47, 49]",car,6,4
297,2.120551565539501,0.6491640168465649,0.38612135069987297,108.18100714177474,"[37, 40, 9, 11, 12, 13, 45, 15, 16, 17, 46, 23, 31]",bus,2,3
298,2.2563756115454385,0.5325770791732232,0.6610245552339724,91.53763778670586,"[1, 3, 4, 5, 6, 7, 8, 9, 11, 12, 14, 16, 18, 19, 20, 22, 23, 24, 25, 26, 28, 31, 32, 35, 36, 37, 38, 41, 42, 45, 46, 47, 48, 49, 50]",car,4,4
299,2.667243900025058,0.5402892140779154,0.5060750669418643,102.70416294144228,"[5, 6, 7, 8, 13, 14, 16, 17, 19, 20, 23, 24, 28, 29, 34, 37, 39, 40]",car,4,4
